Model,Silhouette_Score
KMeans,0.7229981384492498
Agglomerative,0.7543631946880085
DBSCAN,0.8860093419220477
